user_id,role,college_id,created_at
1,student,103,2025-12-26 16:56:51.408608
2,student,103,2025-12-20 16:56:51.408608
3,student,103,2026-01-17 16:56:51.408608
4,student,103,2025-11-25 16:56:51.408608
5,faculty,101,2025-12-26 16:56:51.408608
6,student,101,2026-01-18 16:56:51.408608
7,mentor,104,2025-11-01 16:56:51.408608
8,student,102,2025-12-09 16:56:51.408608
9,student,101,2025-12-06 16:56:51.408608
10,admin,104,2025-11-13 16:56:51.408608
11,student,101,2025-11-30 16:56:51.408608
12,student,101,2025-12-10 16:56:51.408608
13,student,104,2025-12-24 16:56:51.408608
14,student,101,2025-12-15 16:56:51.408608
15,student,102,2025-12-21 16:56:51.408608
16,mentor,101,2025-11-22 16:56:51.408608
17,mentor,103,2025-11-29 16:56:51.408608
18,student,102,2026-01-10 16:56:51.408608
19,student,104,2025-12-21 16:56:51.408608
20,mentor,101,2026-01-03 16:56:51.408608
21,student,103,2025-11-07 16:56:51.408608
22,student,103,2025-12-09 16:56:51.408608
23,student,102,2025-12-12 16:56:51.408608
24,faculty,104,2025-12-20 16:56:51.408608
25,student,101,2025-11-21 16:56:51.408608
26,admin,101,2025-11-23 16:56:51.408608
27,student,103,2025-12-14 16:56:51.408608
28,student,101,2025-11-07 16:56:51.408608
29,faculty,104,2025-11-21 16:56:51.408608
30,student,102,2025-11-23 16:56:51.408608
31,student,101,2025-12-14 16:56:51.408608
32,faculty,101,2025-11-29 16:56:51.408608
33,faculty,101,2025-11-17 16:56:51.408608
34,student,101,2025-12-09 16:56:51.408608
35,faculty,104,2025-11-14 16:56:51.408608
36,student,103,2025-11-04 16:56:51.408608
37,student,104,2026-01-25 16:56:51.408608
38,faculty,103,2026-01-27 16:56:51.408608
39,student,101,2025-12-22 16:56:51.408608
40,student,103,2025-11-16 16:56:51.408608
41,faculty,102,2025-12-30 16:56:51.408608
42,student,104,2025-12-27 16:56:51.408608
43,student,102,2025-12-21 16:56:51.408608
44,student,104,2025-11-14 16:56:51.408608
45,admin,104,2026-01-26 16:56:51.408608
46,faculty,102,2025-12-20 16:56:51.408608
47,student,101,2025-12-01 16:56:51.408608
48,faculty,103,2025-11-17 16:56:51.408608
49,student,102,2026-01-16 16:56:51.408608
50,student,103,2026-01-08 16:56:51.408608
51,mentor,102,2025-12-08 16:56:51.408608
52,student,102,2025-12-21 16:56:51.408608
53,student,104,2025-11-12 16:56:51.408608
54,student,103,2025-12-01 16:56:51.408608
55,mentor,102,2025-12-22 16:56:51.408608
56,student,102,2025-12-30 16:56:51.408608
57,student,101,2025-12-11 16:56:51.408608
58,student,102,2026-01-08 16:56:51.408608
59,mentor,104,2025-12-05 16:56:51.408608
60,student,101,2025-11-18 16:56:51.408608
61,student,102,2025-11-21 16:56:51.408608
62,student,101,2025-11-03 16:56:51.408608
63,student,104,2025-11-06 16:56:51.408608
64,student,102,2025-12-27 16:56:51.408608
65,student,102,2025-12-14 16:56:51.408608
66,student,101,2025-12-09 16:56:51.408608
67,faculty,103,2025-12-20 16:56:51.408608
68,student,102,2026-01-04 16:56:51.408608
69,faculty,102,2025-11-18 16:56:51.408608
70,student,103,2025-12-09 16:56:51.408608
71,faculty,101,2025-11-25 16:56:51.408608
72,faculty,104,2025-12-07 16:56:51.408608
73,student,102,2025-11-01 16:56:51.408608
74,student,101,2025-11-08 16:56:51.408608
75,student,104,2025-12-31 16:56:51.408608
76,student,101,2025-12-14 16:56:51.408608
77,student,103,2025-11-08 16:56:51.408608
78,faculty,102,2025-11-10 16:56:51.408608
79,student,104,2025-12-27 16:56:51.408608
80,faculty,104,2025-12-07 16:56:51.408608
81,student,104,2025-11-12 16:56:51.408608
82,mentor,103,2025-11-21 16:56:51.408608
83,student,101,2025-12-05 16:56:51.408608
84,student,102,2026-01-07 16:56:51.408608
85,mentor,104,2025-12-23 16:56:51.408608
86,student,103,2025-11-30 16:56:51.408608
87,faculty,102,2025-12-03 16:56:51.408608
88,student,102,2025-12-05 16:56:51.408608
89,student,104,2026-01-03 16:56:51.408608
90,student,104,2025-11-01 16:56:51.408608
91,faculty,104,2025-12-10 16:56:51.408608
92,student,101,2025-11-19 16:56:51.408608
93,student,103,2025-12-17 16:56:51.408608
94,student,102,2026-01-08 16:56:51.408608
95,student,102,2025-12-03 16:56:51.408608
96,student,104,2025-12-05 16:56:51.408608
97,faculty,103,2025-12-11 16:56:51.408608
98,student,103,2026-01-04 16:56:51.408608
99,student,103,2025-12-19 16:56:51.408608
100,faculty,101,2025-12-01 16:56:51.408608
101,student,104,2025-11-30 16:56:51.408608
102,student,104,2025-11-28 16:56:51.408608
103,student,101,2025-12-03 16:56:51.408608
104,student,104,2025-11-27 16:56:51.408608
105,faculty,104,2026-01-21 16:56:51.408608
106,student,102,2025-12-14 16:56:51.408608
107,student,103,2025-11-05 16:56:51.408608
108,faculty,101,2025-11-14 16:56:51.408608
109,student,101,2025-11-04 16:56:51.408608
110,student,101,2025-12-14 16:56:51.408608
111,student,101,2025-12-05 16:56:51.408608
112,student,103,2025-12-26 16:56:51.408608
113,mentor,104,2026-01-25 16:56:51.408608
114,student,104,2025-12-25 16:56:51.408608
115,student,101,2025-11-02 16:56:51.408608
116,student,101,2025-12-20 16:56:51.408608
117,student,104,2025-12-06 16:56:51.408608
118,student,102,2025-11-11 16:56:51.408608
119,student,101,2025-12-24 16:56:51.408608
120,student,104,2025-11-11 16:56:51.408608
121,mentor,101,2025-12-31 16:56:51.408608
122,student,102,2025-11-27 16:56:51.408608
123,student,103,2025-12-06 16:56:51.408608
124,student,104,2026-01-13 16:56:51.408608
125,faculty,102,2026-01-25 16:56:51.408608
126,faculty,104,2025-11-14 16:56:51.408608
127,student,102,2025-12-06 16:56:51.408608
128,student,102,2025-11-17 16:56:51.408608
129,student,103,2025-11-18 16:56:51.408608
130,student,101,2025-11-08 16:56:51.408608
131,mentor,101,2025-12-31 16:56:51.408608
132,student,102,2025-12-21 16:56:51.408608
133,student,101,2025-10-31 16:56:51.408608
134,student,103,2026-01-06 16:56:51.408608
135,student,101,2025-11-24 16:56:51.408608
136,student,102,2025-12-24 16:56:51.408608
137,student,103,2025-12-25 16:56:51.408608
138,faculty,101,2025-10-30 16:56:51.408608
139,admin,103,2025-12-26 16:56:51.408608
140,student,104,2026-01-11 16:56:51.408608
141,student,101,2026-01-22 16:56:51.408608
142,student,101,2025-11-21 16:56:51.408608
143,mentor,104,2026-01-01 16:56:51.408608
144,student,103,2025-12-25 16:56:51.408608
145,faculty,101,2025-11-08 16:56:51.408608
146,student,103,2026-01-24 16:56:51.408608
147,mentor,103,2025-12-10 16:56:51.408608
148,mentor,104,2025-11-04 16:56:51.408608
149,faculty,104,2025-11-05 16:56:51.408608
150,student,103,2026-01-25 16:56:51.408608
151,student,104,2025-12-24 16:56:51.408608
152,student,102,2025-11-08 16:56:51.408608
153,student,104,2025-12-24 16:56:51.408608
154,student,102,2025-11-11 16:56:51.408608
155,student,101,2026-01-03 16:56:51.408608
156,student,104,2025-12-06 16:56:51.408608
157,mentor,101,2026-01-03 16:56:51.408608
158,student,104,2026-01-26 16:56:51.408608
159,student,103,2025-12-13 16:56:51.408608
160,faculty,101,2025-12-20 16:56:51.408608
161,mentor,101,2026-01-11 16:56:51.408608
162,student,104,2025-11-08 16:56:51.408608
163,student,101,2025-12-18 16:56:51.408608
164,student,104,2025-12-01 16:56:51.408608
165,mentor,103,2026-01-10 16:56:51.408608
166,student,102,2026-01-25 16:56:51.408608
167,student,103,2025-11-30 16:56:51.408608
168,student,103,2025-11-30 16:56:51.408608
169,student,104,2025-12-09 16:56:51.408608
170,student,104,2026-01-08 16:56:51.408608
171,student,102,2025-12-09 16:56:51.408608
172,student,102,2025-12-11 16:56:51.408608
173,student,103,2025-12-29 16:56:51.408608
174,student,103,2025-11-19 16:56:51.408608
175,student,102,2025-11-14 16:56:51.408608
176,student,103,2025-11-05 16:56:51.408608
177,student,104,2026-01-10 16:56:51.408608
178,student,104,2025-12-19 16:56:51.408608
179,student,103,2026-01-20 16:56:51.408608
180,student,104,2025-12-04 16:56:51.408608
181,student,103,2025-12-22 16:56:51.408608
182,student,104,2026-01-11 16:56:51.408608
183,student,102,2026-01-09 16:56:51.408608
184,student,102,2026-01-07 16:56:51.408608
185,student,104,2025-12-10 16:56:51.408608
186,faculty,102,2025-11-19 16:56:51.408608
187,student,103,2025-11-18 16:56:51.408608
188,admin,102,2026-01-19 16:56:51.408608
189,student,102,2026-01-14 16:56:51.408608
190,student,102,2026-01-21 16:56:51.408608
191,student,102,2026-01-05 16:56:51.408608
192,student,101,2025-12-30 16:56:51.408608
193,student,103,2026-01-22 16:56:51.408608
194,student,101,2025-11-23 16:56:51.408608
195,faculty,102,2025-11-02 16:56:51.408608
196,faculty,102,2026-01-26 16:56:51.408608
197,student,101,2025-12-24 16:56:51.408608
198,mentor,102,2025-11-10 16:56:51.408608
199,student,102,2025-12-28 16:56:51.408608
200,student,104,2025-11-26 16:56:51.408608
201,student,102,2025-12-08 16:56:51.408608
202,mentor,103,2025-12-31 16:56:51.408608
203,student,104,2025-12-23 16:56:51.408608
204,admin,102,2025-11-09 16:56:51.408608
205,faculty,104,2025-12-02 16:56:51.408608
206,student,101,2025-12-18 16:56:51.408608
207,student,101,2025-12-29 16:56:51.408608
208,mentor,102,2025-12-29 16:56:51.408608
209,student,103,2025-11-19 16:56:51.408608
210,student,101,2025-11-11 16:56:51.408608
211,student,101,2025-11-14 16:56:51.408608
212,admin,101,2026-01-02 16:56:51.408608
213,student,101,2025-11-13 16:56:51.408608
214,student,104,2025-10-30 16:56:51.408608
215,mentor,104,2025-12-22 16:56:51.408608
216,student,103,2026-01-05 16:56:51.408608
217,student,102,2025-11-26 16:56:51.408608
218,student,102,2025-11-21 16:56:51.408608
219,student,102,2025-12-31 16:56:51.408608
220,faculty,103,2025-11-09 16:56:51.408608
221,student,104,2026-01-17 16:56:51.408608
222,student,101,2026-01-16 16:56:51.408608
223,student,102,2025-12-09 16:56:51.408608
224,student,102,2025-12-29 16:56:51.408608
225,mentor,103,2026-01-16 16:56:51.408608
226,student,101,2025-12-13 16:56:51.408608
227,student,103,2026-01-06 16:56:51.408608
228,student,102,2025-11-22 16:56:51.408608
229,student,101,2026-01-03 16:56:51.408608
230,student,102,2025-12-06 16:56:51.408608
231,faculty,101,2025-11-06 16:56:51.408608
232,student,101,2025-12-27 16:56:51.408608
233,student,102,2026-01-07 16:56:51.408608
234,student,101,2026-01-02 16:56:51.408608
235,mentor,104,2025-12-21 16:56:51.408608
236,faculty,103,2025-11-06 16:56:51.408608
237,faculty,101,2025-12-23 16:56:51.408608
238,student,103,2025-11-16 16:56:51.408608
239,student,103,2025-11-28 16:56:51.408608
240,mentor,103,2025-11-24 16:56:51.408608
241,student,104,2025-11-27 16:56:51.408608
242,student,102,2026-01-27 16:56:51.408608
243,student,103,2026-01-16 16:56:51.408608
244,student,102,2026-01-20 16:56:51.408608
245,student,103,2026-01-06 16:56:51.408608
246,faculty,103,2026-01-02 16:56:51.408608
247,mentor,102,2025-12-09 16:56:51.408608
248,mentor,102,2025-11-21 16:56:51.408608
249,student,103,2025-12-08 16:56:51.408608
250,faculty,103,2025-12-29 16:56:51.408608
251,student,104,2025-12-23 16:56:51.408608
252,student,103,2026-01-20 16:56:51.408608
253,faculty,103,2025-12-07 16:56:51.408608
254,student,101,2025-11-18 16:56:51.408608
255,student,102,2025-12-20 16:56:51.408608
256,faculty,101,2026-01-08 16:56:51.408608
257,student,104,2025-11-14 16:56:51.408608
258,student,103,2026-01-12 16:56:51.408608
259,student,103,2025-11-14 16:56:51.408608
260,mentor,104,2025-11-22 16:56:51.408608
261,student,103,2025-11-27 16:56:51.408608
262,student,103,2025-10-31 16:56:51.408608
263,mentor,104,2026-01-03 16:56:51.408608
264,student,103,2025-12-14 16:56:51.408608
265,student,103,2026-01-12 16:56:51.408608
266,student,104,2025-12-08 16:56:51.408608
267,student,102,2025-12-14 16:56:51.408608
268,student,104,2026-01-18 16:56:51.408608
269,student,101,2025-11-15 16:56:51.408608
270,student,103,2025-11-29 16:56:51.408608
271,student,103,2026-01-27 16:56:51.408608
272,student,102,2025-12-20 16:56:51.408608
273,student,102,2025-11-24 16:56:51.408608
274,mentor,104,2026-01-26 16:56:51.408608
275,faculty,101,2025-11-29 16:56:51.408608
276,student,102,2025-11-20 16:56:51.408608
277,faculty,101,2025-11-21 16:56:51.408608
278,student,101,2026-01-17 16:56:51.408608
279,faculty,103,2025-12-26 16:56:51.408608
280,mentor,101,2025-11-01 16:56:51.408608
281,student,101,2026-01-01 16:56:51.408608
282,student,104,2025-11-11 16:56:51.408608
283,student,103,2025-11-22 16:56:51.408608
284,student,101,2025-12-29 16:56:51.408608
285,student,101,2025-11-24 16:56:51.408608
286,student,102,2025-12-21 16:56:51.408608
287,mentor,104,2025-12-22 16:56:51.408608
288,mentor,102,2025-11-15 16:56:51.408608
289,student,103,2026-01-22 16:56:51.408608
290,student,104,2026-01-01 16:56:51.408608
291,student,102,2025-11-21 16:56:51.408608
292,student,102,2025-12-24 16:56:51.408608
293,student,101,2025-12-29 16:56:51.408608
294,student,104,2025-12-07 16:56:51.408608
295,mentor,103,2025-10-30 16:56:51.408608
296,faculty,102,2025-12-12 16:56:51.408608
297,student,103,2025-11-18 16:56:51.408608
298,student,102,2025-11-26 16:56:51.408608
299,mentor,101,2025-12-06 16:56:51.408608
300,faculty,103,2026-01-26 16:56:51.408608
301,faculty,102,2025-12-11 16:56:51.408608
302,student,103,2025-12-30 16:56:51.408608
303,student,104,2025-11-29 16:56:51.408608
304,student,103,2025-11-17 16:56:51.408608
305,student,104,2025-12-14 16:56:51.408608
306,student,102,2026-01-27 16:56:51.408608
307,student,101,2025-11-08 16:56:51.408608
308,student,102,2025-11-03 16:56:51.408608
309,student,104,2025-11-24 16:56:51.408608
310,student,103,2026-01-24 16:56:51.408608
311,faculty,103,2025-12-13 16:56:51.408608
312,student,102,2026-01-07 16:56:51.408608
313,student,102,2026-01-10 16:56:51.408608
314,student,102,2025-12-13 16:56:51.408608
315,student,104,2025-12-03 16:56:51.408608
316,mentor,102,2026-01-11 16:56:51.408608
317,student,101,2026-01-13 16:56:51.408608
318,student,102,2026-01-11 16:56:51.408608
319,student,104,2025-12-30 16:56:51.408608
320,student,104,2025-12-21 16:56:51.408608
321,student,102,2025-12-24 16:56:51.408608
322,mentor,104,2025-11-26 16:56:51.408608
323,mentor,103,2025-11-27 16:56:51.408608
324,student,101,2026-01-08 16:56:51.408608
325,mentor,104,2025-12-07 16:56:51.408608
326,student,104,2025-11-04 16:56:51.408608
327,student,103,2026-01-11 16:56:51.408608
328,mentor,101,2025-11-30 16:56:51.408608
329,student,104,2025-12-01 16:56:51.408608
330,mentor,102,2025-12-27 16:56:51.408608
331,faculty,104,2025-12-21 16:56:51.408608
332,student,104,2025-11-12 16:56:51.408608
333,student,102,2025-12-27 16:56:51.408608
334,faculty,101,2025-11-26 16:56:51.408608
335,student,101,2026-01-04 16:56:51.408608
336,student,104,2026-01-26 16:56:51.408608
337,student,101,2025-12-03 16:56:51.408608
338,student,103,2025-11-06 16:56:51.408608
339,student,102,2026-01-06 16:56:51.408608
340,student,104,2025-11-16 16:56:51.410612
341,faculty,104,2026-01-20 16:56:51.410612
342,mentor,101,2025-12-07 16:56:51.410612
343,student,101,2025-11-26 16:56:51.410612
344,faculty,102,2025-11-20 16:56:51.410612
345,faculty,102,2025-12-10 16:56:51.410612
346,student,102,2026-01-08 16:56:51.410612
347,student,104,2026-01-13 16:56:51.410612
348,student,104,2025-11-12 16:56:51.410612
349,student,102,2025-11-27 16:56:51.410612
350,student,104,2025-12-29 16:56:51.410612
351,student,102,2025-10-30 16:56:51.410612
352,student,101,2026-01-13 16:56:51.410612
353,student,102,2025-12-16 16:56:51.410612
354,faculty,104,2025-12-05 16:56:51.410612
355,student,101,2025-11-10 16:56:51.410612
356,student,102,2025-12-16 16:56:51.410612
357,mentor,102,2026-01-03 16:56:51.410612
358,student,104,2026-01-09 16:56:51.410612
359,admin,103,2025-12-17 16:56:51.410612
360,student,101,2025-12-17 16:56:51.410612
361,student,101,2025-11-25 16:56:51.410612
362,student,101,2026-01-02 16:56:51.410612
363,student,102,2025-10-30 16:56:51.410612
364,student,103,2025-11-09 16:56:51.410612
365,student,102,2025-11-29 16:56:51.410612
366,student,101,2025-12-25 16:56:51.410612
367,admin,101,2025-12-21 16:56:51.410612
368,faculty,102,2025-12-29 16:56:51.410612
369,student,103,2025-10-31 16:56:51.410612
370,student,102,2025-11-09 16:56:51.410612
371,faculty,102,2026-01-27 16:56:51.410612
372,student,104,2025-11-09 16:56:51.410612
373,student,102,2025-12-26 16:56:51.410612
374,student,103,2025-12-24 16:56:51.410612
375,mentor,103,2025-11-10 16:56:51.410612
376,student,101,2025-11-30 16:56:51.410612
377,mentor,103,2026-01-04 16:56:51.410612
378,student,103,2025-11-15 16:56:51.410612
379,admin,104,2025-12-11 16:56:51.410612
380,student,104,2026-01-26 16:56:51.410612
381,student,101,2026-01-27 16:56:51.410612
382,student,101,2025-11-02 16:56:51.410612
383,faculty,103,2026-01-21 16:56:51.410612
384,faculty,101,2025-11-27 16:56:51.410612
385,mentor,104,2025-12-30 16:56:51.410612
386,student,102,2025-12-05 16:56:51.410612
387,mentor,101,2025-12-25 16:56:51.410612
388,admin,104,2026-01-24 16:56:51.410612
389,faculty,101,2025-11-07 16:56:51.410612
390,student,103,2025-11-24 16:56:51.410612
391,student,103,2026-01-09 16:56:51.410612
392,student,102,2025-11-14 16:56:51.410612
393,student,104,2025-11-19 16:56:51.410612
394,student,102,2025-12-16 16:56:51.410612
395,student,103,2025-11-29 16:56:51.410612
396,student,102,2025-12-29 16:56:51.410612
397,mentor,101,2026-01-21 16:56:51.410612
398,student,104,2025-11-06 16:56:51.410612
399,student,104,2025-12-14 16:56:51.410612
400,mentor,104,2025-11-28 16:56:51.410612
401,student,103,2025-12-27 16:56:51.410612
402,mentor,102,2025-12-23 16:56:51.410612
403,faculty,104,2025-11-17 16:56:51.410612
404,student,102,2025-12-14 16:56:51.410612
405,faculty,104,2025-11-24 16:56:51.410612
406,mentor,101,2026-01-09 16:56:51.410612
407,student,104,2025-11-27 16:56:51.410612
408,student,104,2025-12-16 16:56:51.410612
409,mentor,102,2025-12-20 16:56:51.410612
410,student,104,2025-11-24 16:56:51.410612
411,faculty,102,2026-01-25 16:56:51.410612
412,student,101,2025-12-22 16:56:51.410612
413,student,101,2025-12-18 16:56:51.410612
414,student,101,2025-11-22 16:56:51.410612
415,student,101,2025-11-14 16:56:51.410612
416,mentor,103,2025-12-23 16:56:51.410612
417,student,101,2025-12-23 16:56:51.410612
418,student,104,2025-10-30 16:56:51.410612
419,student,103,2025-10-30 16:56:51.410612
420,student,104,2026-01-13 16:56:51.410612
421,student,103,2025-11-14 16:56:51.410612
422,student,104,2025-11-22 16:56:51.410612
423,student,103,2026-01-22 16:56:51.410612
424,student,101,2025-12-13 16:56:51.410612
425,student,102,2026-01-03 16:56:51.410612
426,student,101,2025-11-14 16:56:51.410612
427,faculty,104,2025-11-05 16:56:51.410612
428,admin,104,2025-11-09 16:56:51.410612
429,faculty,104,2025-11-18 16:56:51.410612
430,student,101,2025-10-31 16:56:51.410612
431,student,101,2026-01-22 16:56:51.410612
432,student,103,2025-11-29 16:56:51.410612
433,student,102,2025-11-30 16:56:51.410612
434,student,101,2026-01-26 16:56:51.410612
435,admin,102,2025-11-15 16:56:51.410612
436,student,101,2025-11-18 16:56:51.410612
437,mentor,104,2026-01-26 16:56:51.410612
438,student,102,2026-01-13 16:56:51.410612
439,student,103,2025-12-29 16:56:51.410612
440,student,104,2026-01-16 16:56:51.410612
441,student,104,2026-01-25 16:56:51.410612
442,student,104,2025-11-10 16:56:51.410612
443,student,101,2025-11-21 16:56:51.410612
444,student,103,2026-01-26 16:56:51.410612
445,student,102,2025-11-23 16:56:51.410612
446,student,101,2025-12-05 16:56:51.410612
447,student,101,2026-01-08 16:56:51.410612
448,student,102,2026-01-24 16:56:51.410612
449,student,104,2026-01-11 16:56:51.410612
450,student,102,2025-11-25 16:56:51.410612
451,student,104,2026-01-04 16:56:51.410612
452,student,102,2025-12-26 16:56:51.410612
453,student,104,2025-12-04 16:56:51.410612
454,faculty,102,2025-12-17 16:56:51.410612
455,admin,101,2025-12-08 16:56:51.410612
456,admin,103,2025-11-26 16:56:51.410612
457,student,104,2025-11-29 16:56:51.410612
458,student,103,2026-01-12 16:56:51.410612
459,student,103,2025-12-09 16:56:51.410612
460,student,102,2025-12-11 16:56:51.410612
461,student,101,2025-12-14 16:56:51.410612
462,student,103,2025-12-06 16:56:51.410612
463,faculty,103,2025-11-22 16:56:51.410612
464,student,102,2026-01-12 16:56:51.410612
465,student,102,2025-11-23 16:56:51.410612
466,student,104,2026-01-04 16:56:51.410612
467,student,103,2025-11-23 16:56:51.410612
468,student,102,2025-11-29 16:56:51.410612
469,faculty,102,2026-01-02 16:56:51.410612
470,student,101,2025-11-23 16:56:51.410612
471,student,103,2025-11-06 16:56:51.410612
472,student,102,2025-12-14 16:56:51.410612
473,faculty,103,2025-12-30 16:56:51.410612
474,student,102,2025-11-23 16:56:51.410612
475,student,104,2025-11-28 16:56:51.410612
476,mentor,102,2026-01-11 16:56:51.410612
477,student,101,2025-12-25 16:56:51.410612
478,student,103,2026-01-19 16:56:51.410612
479,student,104,2025-12-21 16:56:51.410612
480,student,104,2025-12-12 16:56:51.410612
481,faculty,102,2026-01-26 16:56:51.410612
482,mentor,102,2025-12-02 16:56:51.410612
483,student,101,2025-12-20 16:56:51.410612
484,student,102,2025-11-20 16:56:51.410612
485,admin,101,2025-12-10 16:56:51.410612
486,student,101,2025-12-10 16:56:51.410612
487,mentor,104,2026-01-03 16:56:51.410612
488,student,103,2026-01-05 16:56:51.410612
489,student,104,2026-01-06 16:56:51.410612
490,student,104,2026-01-28 16:56:51.410612
491,student,101,2025-12-09 16:56:51.410612
492,faculty,103,2025-12-04 16:56:51.410612
493,student,102,2026-01-02 16:56:51.410612
494,mentor,101,2025-12-21 16:56:51.410612
495,student,104,2025-12-05 16:56:51.410612
496,student,101,2026-01-12 16:56:51.410612
497,student,102,2025-11-17 16:56:51.410612
498,student,103,2026-01-25 16:56:51.410612
499,student,104,2025-12-28 16:56:51.410612
500,student,104,2026-01-22 16:56:51.410612
501,student,104,2025-11-27 16:56:51.410612
502,faculty,102,2025-11-10 16:56:51.410612
503,student,101,2026-01-12 16:56:51.410612
504,faculty,104,2025-11-19 16:56:51.410612
505,faculty,104,2026-01-20 16:56:51.410612
506,student,103,2026-01-14 16:56:51.410612
507,student,102,2026-01-13 16:56:51.410612
508,admin,101,2026-01-07 16:56:51.410612
509,student,104,2025-12-17 16:56:51.410612
510,student,101,2025-12-10 16:56:51.410612
511,student,101,2025-12-06 16:56:51.410612
512,faculty,104,2025-11-25 16:56:51.410612
513,faculty,102,2025-11-26 16:56:51.410612
514,student,101,2026-01-21 16:56:51.410612
515,student,101,2026-01-15 16:56:51.410612
516,mentor,102,2025-12-28 16:56:51.410612
517,student,101,2025-12-30 16:56:51.410612
518,student,104,2026-01-20 16:56:51.410612
519,mentor,101,2025-11-25 16:56:51.410612
520,student,101,2025-12-17 16:56:51.410612
521,faculty,102,2025-12-08 16:56:51.410612
522,student,104,2025-12-01 16:56:51.410612
523,student,103,2025-12-16 16:56:51.410612
524,student,101,2025-11-28 16:56:51.410612
525,student,101,2026-01-20 16:56:51.410612
526,student,101,2025-12-04 16:56:51.410612
527,mentor,103,2025-12-30 16:56:51.410612
528,faculty,103,2025-10-30 16:56:51.410612
529,student,103,2025-11-02 16:56:51.410612
530,student,101,2025-11-04 16:56:51.410612
531,student,101,2025-11-30 16:56:51.410612
532,student,104,2025-12-17 16:56:51.410612
533,faculty,101,2026-01-24 16:56:51.410612
534,student,103,2026-01-01 16:56:51.410612
535,student,104,2025-12-07 16:56:51.410612
536,faculty,101,2025-10-31 16:56:51.410612
537,student,102,2025-11-17 16:56:51.410612
538,student,102,2025-12-21 16:56:51.410612
539,faculty,103,2025-12-22 16:56:51.410612
540,student,103,2026-01-05 16:56:51.410612
541,student,102,2025-11-14 16:56:51.410612
542,faculty,102,2026-01-04 16:56:51.410612
543,student,101,2025-11-30 16:56:51.410612
544,student,104,2025-11-09 16:56:51.410612
545,student,103,2025-12-08 16:56:51.410612
546,student,102,2026-01-07 16:56:51.410612
547,student,103,2026-01-18 16:56:51.410612
548,student,102,2025-12-10 16:56:51.410612
549,student,103,2026-01-03 16:56:51.410612
550,student,101,2026-01-23 16:56:51.410612
551,student,104,2026-01-10 16:56:51.410612
552,student,103,2025-12-11 16:56:51.410612
553,student,102,2025-11-20 16:56:51.410612
554,student,102,2025-12-04 16:56:51.410612
555,student,102,2025-11-06 16:56:51.410612
556,faculty,101,2025-11-17 16:56:51.410612
557,student,103,2026-01-06 16:56:51.410612
558,student,101,2026-01-21 16:56:51.410612
559,faculty,104,2025-11-30 16:56:51.410612
560,mentor,102,2026-01-06 16:56:51.410612
561,student,104,2025-12-26 16:56:51.410612
562,student,102,2025-12-23 16:56:51.410612
563,student,104,2026-01-01 16:56:51.410612
564,faculty,101,2026-01-05 16:56:51.410612
565,mentor,103,2025-12-22 16:56:51.410612
566,student,103,2026-01-17 16:56:51.410612
567,student,102,2025-12-15 16:56:51.410612
568,student,104,2026-01-18 16:56:51.410612
569,student,101,2026-01-11 16:56:51.410612
570,faculty,101,2026-01-20 16:56:51.410612
571,faculty,104,2025-11-10 16:56:51.410612
572,student,102,2025-12-10 16:56:51.410612
573,student,103,2026-01-26 16:56:51.410612
574,faculty,102,2025-12-02 16:56:51.410612
575,student,104,2025-12-30 16:56:51.410612
576,mentor,102,2025-12-19 16:56:51.410612
577,student,101,2026-01-14 16:56:51.410612
578,student,101,2025-12-01 16:56:51.410612
579,student,103,2025-11-28 16:56:51.410612
580,student,102,2025-12-29 16:56:51.410612
581,student,103,2025-12-29 16:56:51.410612
582,student,101,2026-01-08 16:56:51.410612
583,student,104,2025-11-18 16:56:51.410612
584,mentor,102,2026-01-09 16:56:51.410612
585,student,101,2025-12-01 16:56:51.410612
586,student,102,2025-12-22 16:56:51.410612
587,mentor,101,2026-01-10 16:56:51.410612
588,mentor,104,2025-12-16 16:56:51.410612
589,student,102,2025-11-12 16:56:51.410612
590,mentor,103,2026-01-27 16:56:51.410612
591,mentor,103,2025-11-18 16:56:51.410612
592,student,103,2025-12-27 16:56:51.410612
593,faculty,103,2025-12-04 16:56:51.410612
594,student,103,2025-12-12 16:56:51.410612
595,faculty,104,2025-10-30 16:56:51.410612
596,student,103,2025-12-01 16:56:51.410612
597,student,104,2026-01-25 16:56:51.410612
598,mentor,102,2025-11-08 16:56:51.410612
599,student,101,2026-01-08 16:56:51.410612
600,student,101,2026-01-02 16:56:51.410612
601,student,102,2025-11-30 16:56:51.410612
602,student,102,2026-01-23 16:56:51.410612
603,faculty,102,2026-01-08 16:56:51.410612
604,faculty,103,2025-11-19 16:56:51.410612
605,student,102,2025-12-05 16:56:51.410612
606,mentor,103,2025-12-01 16:56:51.410612
607,student,104,2026-01-08 16:56:51.410612
608,student,104,2025-12-24 16:56:51.410612
609,faculty,102,2025-11-06 16:56:51.410612
610,student,101,2025-12-24 16:56:51.410612
611,student,104,2025-12-26 16:56:51.410612
612,student,102,2026-01-03 16:56:51.410612
613,student,104,2026-01-10 16:56:51.410612
614,student,101,2025-11-30 16:56:51.410612
615,student,102,2026-01-04 16:56:51.410612
616,student,104,2025-11-06 16:56:51.410612
617,student,102,2026-01-26 16:56:51.410612
618,student,103,2025-12-30 16:56:51.410612
619,student,104,2025-12-18 16:56:51.410612
620,faculty,102,2025-11-07 16:56:51.410612
621,mentor,103,2025-12-04 16:56:51.410612
622,student,103,2026-01-14 16:56:51.410612
623,student,103,2025-11-09 16:56:51.410612
624,student,104,2025-11-29 16:56:51.410612
625,admin,104,2025-12-21 16:56:51.410612
626,mentor,101,2025-11-18 16:56:51.410612
627,student,104,2025-12-13 16:56:51.410612
628,student,103,2025-12-20 16:56:51.410612
629,student,104,2025-11-12 16:56:51.410612
630,student,104,2025-11-13 16:56:51.410612
631,admin,103,2025-12-28 16:56:51.410612
632,mentor,101,2026-01-07 16:56:51.410612
633,student,103,2025-11-07 16:56:51.410612
634,student,101,2025-11-06 16:56:51.410612
635,student,102,2025-12-29 16:56:51.410612
636,student,101,2025-11-27 16:56:51.410612
637,student,101,2026-01-16 16:56:51.410612
638,mentor,103,2025-11-29 16:56:51.410612
639,admin,104,2025-11-12 16:56:51.410612
640,student,101,2026-01-17 16:56:51.410612
641,student,101,2025-11-25 16:56:51.410612
642,student,102,2025-12-15 16:56:51.410612
643,faculty,103,2025-12-10 16:56:51.410612
644,student,102,2026-01-01 16:56:51.410612
645,student,101,2025-12-20 16:56:51.410612
646,student,103,2025-12-08 16:56:51.410612
647,student,102,2026-01-18 16:56:51.410612
648,student,103,2025-11-02 16:56:51.410612
649,student,101,2025-12-28 16:56:51.410612
650,student,102,2025-12-13 16:56:51.410612
651,student,101,2025-12-06 16:56:51.410612
652,student,104,2025-12-05 16:56:51.410612
653,student,104,2025-12-04 16:56:51.410612
654,student,102,2025-12-13 16:56:51.410612
655,mentor,102,2025-12-19 16:56:51.410612
656,faculty,102,2025-12-23 16:56:51.410612
657,student,104,2025-12-16 16:56:51.410612
658,student,103,2026-01-06 16:56:51.410612
659,faculty,104,2025-11-20 16:56:51.410612
660,student,104,2025-12-17 16:56:51.410612
661,student,103,2025-12-28 16:56:51.410612
662,faculty,101,2025-12-03 16:56:51.410612
663,student,101,2026-01-24 16:56:51.410612
664,student,101,2026-01-28 16:56:51.410612
665,faculty,101,2025-12-05 16:56:51.410612
666,student,102,2026-01-20 16:56:51.410612
667,student,102,2025-11-23 16:56:51.410612
668,mentor,102,2025-11-11 16:56:51.410612
669,student,103,2025-12-11 16:56:51.410612
670,faculty,102,2025-11-21 16:56:51.410612
671,student,103,2026-01-24 16:56:51.410612
672,student,101,2025-12-12 16:56:51.410612
673,faculty,102,2026-01-24 16:56:51.410612
674,faculty,103,2026-01-26 16:56:51.410612
675,student,101,2026-01-22 16:56:51.410612
676,admin,102,2025-12-13 16:56:51.410612
677,student,102,2025-11-09 16:56:51.410612
678,student,103,2025-12-04 16:56:51.410612
679,student,102,2026-01-04 16:56:51.410612
680,student,103,2026-01-20 16:56:51.410612
681,student,102,2025-10-31 16:56:51.410612
682,mentor,104,2025-11-18 16:56:51.410612
683,student,102,2026-01-10 16:56:51.410612
684,student,103,2025-12-08 16:56:51.410612
685,student,102,2025-11-29 16:56:51.410612
686,student,103,2025-11-14 16:56:51.410612
687,student,102,2025-11-05 16:56:51.410612
688,student,101,2025-11-26 16:56:51.410612
689,student,103,2025-10-31 16:56:51.410612
690,student,103,2025-11-14 16:56:51.410612
691,faculty,102,2025-11-25 16:56:51.410612
692,student,103,2025-11-21 16:56:51.410612
693,student,104,2026-01-23 16:56:51.410612
694,student,103,2026-01-14 16:56:51.410612
695,faculty,102,2025-12-28 16:56:51.410612
696,student,104,2026-01-26 16:56:51.410612
697,student,101,2025-11-15 16:56:51.410612
698,student,103,2025-12-26 16:56:51.410612
699,student,103,2025-12-28 16:56:51.410612
700,mentor,101,2025-11-04 16:56:51.410612
701,student,104,2026-01-08 16:56:51.410612
702,faculty,102,2025-12-09 16:56:51.410612
703,faculty,104,2025-12-16 16:56:51.410612
704,student,103,2026-01-14 16:56:51.410612
705,student,104,2025-11-09 16:56:51.410612
706,student,104,2025-12-09 16:56:51.410612
707,student,104,2025-12-02 16:56:51.410612
708,faculty,102,2025-12-26 16:56:51.410612
709,student,102,2025-12-29 16:56:51.410612
710,student,102,2026-01-11 16:56:51.410612
711,student,101,2025-12-20 16:56:51.410612
712,student,103,2025-12-26 16:56:51.410612
713,student,101,2025-12-11 16:56:51.410612
714,mentor,101,2026-01-22 16:56:51.410612
715,student,101,2025-11-16 16:56:51.410612
716,student,101,2026-01-08 16:56:51.410612
717,mentor,103,2025-11-26 16:56:51.410612
718,student,101,2025-12-06 16:56:51.410612
719,student,102,2025-11-11 16:56:51.410612
720,student,101,2025-11-15 16:56:51.410612
721,mentor,104,2025-12-13 16:56:51.410612
722,student,101,2026-01-28 16:56:51.410612
723,student,102,2025-10-31 16:56:51.410612
724,student,102,2025-11-03 16:56:51.410612
725,student,101,2026-01-07 16:56:51.410612
726,faculty,104,2025-11-02 16:56:51.410612
727,admin,102,2025-12-31 16:56:51.410612
728,mentor,104,2025-11-04 16:56:51.410612
729,mentor,103,2025-11-21 16:56:51.410612
730,faculty,103,2025-12-26 16:56:51.410612
731,mentor,101,2026-01-15 16:56:51.410612
732,admin,101,2025-11-30 16:56:51.410612
733,faculty,102,2025-11-01 16:56:51.410612
734,student,103,2025-12-31 16:56:51.410612
735,student,102,2026-01-04 16:56:51.410612
736,mentor,103,2025-11-07 16:56:51.410612
737,student,103,2025-12-06 16:56:51.410612
738,student,101,2026-01-22 16:56:51.410612
739,mentor,102,2026-01-09 16:56:51.410612
740,student,101,2025-11-25 16:56:51.410612
741,mentor,102,2026-01-27 16:56:51.410612
742,student,103,2025-10-31 16:56:51.410612
743,faculty,102,2025-12-12 16:56:51.410612
744,mentor,104,2025-12-21 16:56:51.410612
745,student,103,2025-11-18 16:56:51.410612
746,faculty,104,2026-01-22 16:56:51.410612
747,mentor,101,2025-11-12 16:56:51.410612
748,student,101,2025-12-24 16:56:51.410612
749,student,102,2025-12-18 16:56:51.410612
750,student,104,2025-11-17 16:56:51.410612
751,mentor,104,2025-11-19 16:56:51.410612
752,student,103,2025-12-13 16:56:51.410612
753,student,103,2025-11-22 16:56:51.410612
754,student,101,2025-11-04 16:56:51.410612
755,student,102,2026-01-23 16:56:51.410612
756,student,104,2025-12-06 16:56:51.410612
757,student,101,2025-11-27 16:56:51.410612
758,student,103,2026-01-10 16:56:51.410612
759,student,101,2025-11-09 16:56:51.410612
760,student,101,2026-01-02 16:56:51.410612
761,admin,103,2025-11-02 16:56:51.410612
762,student,101,2025-12-25 16:56:51.410612
763,student,104,2025-11-24 16:56:51.410612
764,student,101,2025-12-10 16:56:51.410612
765,student,102,2026-01-20 16:56:51.410612
766,mentor,103,2025-12-03 16:56:51.410612
767,faculty,103,2025-12-19 16:56:51.410612
768,faculty,102,2025-11-01 16:56:51.410612
769,faculty,104,2026-01-19 16:56:51.410612
770,student,102,2025-12-28 16:56:51.410612
771,faculty,102,2026-01-01 16:56:51.410612
772,student,102,2025-12-05 16:56:51.410612
773,mentor,103,2026-01-13 16:56:51.410612
774,faculty,104,2026-01-01 16:56:51.410612
775,student,101,2026-01-06 16:56:51.410612
776,student,103,2025-11-28 16:56:51.410612
777,student,103,2025-12-21 16:56:51.410612
778,student,101,2026-01-04 16:56:51.410612
779,student,104,2025-12-26 16:56:51.410612
780,student,104,2026-01-19 16:56:51.410612
781,student,101,2025-11-15 16:56:51.410612
782,student,103,2026-01-25 16:56:51.410612
783,student,104,2025-11-15 16:56:51.410612
784,student,101,2025-12-19 16:56:51.410612
785,faculty,104,2025-12-31 16:56:51.410612
786,student,103,2026-01-02 16:56:51.410612
787,student,102,2025-11-18 16:56:51.410612
788,student,101,2025-11-01 16:56:51.410612
789,student,101,2025-11-10 16:56:51.410612
790,student,104,2025-12-06 16:56:51.410612
791,faculty,103,2025-11-07 16:56:51.410612
792,student,102,2025-11-24 16:56:51.410612
793,student,103,2025-12-12 16:56:51.410612
794,student,104,2025-12-22 16:56:51.410612
795,student,101,2025-11-04 16:56:51.410612
796,student,103,2025-12-17 16:56:51.410612
797,mentor,103,2026-01-11 16:56:51.410612
798,student,104,2025-12-19 16:56:51.410612
799,admin,101,2025-11-14 16:56:51.410612
800,student,103,2025-12-25 16:56:51.410612
801,student,103,2025-12-12 16:56:51.410612
802,student,102,2026-01-24 16:56:51.410612
803,student,101,2025-11-27 16:56:51.410612
804,student,101,2025-12-17 16:56:51.410612
805,student,101,2025-12-09 16:56:51.410612
806,student,103,2025-12-01 16:56:51.410612
807,student,104,2026-01-24 16:56:51.410612
808,student,104,2026-01-14 16:56:51.410612
809,student,101,2025-12-22 16:56:51.410612
810,student,104,2025-12-01 16:56:51.410612
811,mentor,101,2025-10-30 16:56:51.410612
812,faculty,104,2026-01-25 16:56:51.410612
813,student,103,2026-01-26 16:56:51.410612
814,student,102,2025-12-06 16:56:51.410612
815,student,104,2025-12-06 16:56:51.410612
816,admin,103,2025-12-19 16:56:51.410612
817,student,102,2026-01-27 16:56:51.410612
818,student,104,2026-01-19 16:56:51.410612
819,student,102,2026-01-26 16:56:51.410612
820,mentor,104,2025-12-04 16:56:51.410612
821,student,102,2025-11-22 16:56:51.410612
822,student,102,2026-01-01 16:56:51.410612
823,student,102,2025-10-31 16:56:51.410612
824,mentor,103,2026-01-11 16:56:51.410612
825,mentor,102,2025-11-15 16:56:51.410612
826,admin,103,2025-11-13 16:56:51.410612
827,mentor,103,2025-11-21 16:56:51.410612
828,student,101,2025-12-19 16:56:51.410612
829,student,104,2025-11-01 16:56:51.410612
830,mentor,102,2026-01-01 16:56:51.410612
831,student,104,2025-12-26 16:56:51.410612
832,student,101,2025-11-10 16:56:51.410612
833,student,104,2025-11-18 16:56:51.410612
834,student,103,2025-11-18 16:56:51.410612
835,student,104,2025-11-18 16:56:51.410612
836,student,104,2025-12-28 16:56:51.410612
837,student,102,2025-11-08 16:56:51.410612
838,student,101,2025-12-26 16:56:51.410612
839,student,102,2025-11-22 16:56:51.410612
840,student,103,2025-11-30 16:56:51.410612
841,student,103,2025-11-27 16:56:51.410612
842,faculty,103,2025-12-24 16:56:51.410612
843,mentor,104,2025-10-30 16:56:51.410612
844,student,103,2025-12-28 16:56:51.410612
845,admin,103,2025-11-21 16:56:51.410612
846,student,103,2025-11-01 16:56:51.410612
847,student,103,2026-01-10 16:56:51.410612
848,student,102,2026-01-25 16:56:51.410612
849,student,104,2026-01-05 16:56:51.410612
850,mentor,101,2026-01-20 16:56:51.410612
851,admin,102,2025-11-03 16:56:51.410612
852,student,103,2026-01-07 16:56:51.410612
853,student,104,2025-11-05 16:56:51.410612
854,faculty,101,2025-12-12 16:56:51.410612
855,student,103,2026-01-16 16:56:51.410612
856,student,104,2025-11-17 16:56:51.410612
857,student,103,2025-12-04 16:56:51.410612
858,student,102,2026-01-26 16:56:51.410612
859,student,101,2025-11-26 16:56:51.410612
860,student,104,2025-12-05 16:56:51.410612
861,student,104,2026-01-26 16:56:51.410612
862,student,102,2026-01-28 16:56:51.410612
863,student,104,2025-12-18 16:56:51.410612
864,faculty,103,2025-12-08 16:56:51.410612
865,student,104,2025-11-22 16:56:51.410612
866,student,102,2025-12-24 16:56:51.410612
867,student,104,2025-11-04 16:56:51.410612
868,student,104,2026-01-01 16:56:51.410612
869,student,104,2025-12-18 16:56:51.410612
870,faculty,103,2025-12-27 16:56:51.410612
871,student,101,2025-11-12 16:56:51.410612
872,student,102,2025-11-12 16:56:51.410612
873,student,102,2026-01-14 16:56:51.410612
874,student,104,2026-01-17 16:56:51.410612
875,student,101,2025-12-28 16:56:51.410612
876,student,104,2025-11-23 16:56:51.410612
877,admin,102,2026-01-26 16:56:51.410612
878,student,102,2026-01-08 16:56:51.410612
879,student,104,2025-11-23 16:56:51.410612
880,student,104,2025-12-03 16:56:51.410612
881,student,103,2025-12-22 16:56:51.410612
882,student,102,2025-12-21 16:56:51.410612
883,mentor,102,2025-10-30 16:56:51.410612
884,student,102,2025-12-11 16:56:51.410612
885,student,102,2026-01-27 16:56:51.410612
886,student,103,2025-11-04 16:56:51.410612
887,student,104,2025-11-19 16:56:51.410612
888,student,102,2025-12-29 16:56:51.410612
889,student,101,2026-01-16 16:56:51.410612
890,student,103,2026-01-03 16:56:51.410612
891,faculty,104,2025-12-19 16:56:51.410612
892,student,102,2025-12-13 16:56:51.410612
893,student,103,2025-11-16 16:56:51.410612
894,student,104,2025-12-15 16:56:51.410612
895,student,101,2025-11-19 16:56:51.410612
896,admin,104,2025-12-16 16:56:51.410612
897,student,104,2025-11-15 16:56:51.410612
898,mentor,104,2025-12-11 16:56:51.410612
899,faculty,102,2026-01-08 16:56:51.410612
900,mentor,102,2025-12-25 16:56:51.410612
901,student,101,2026-01-11 16:56:51.410612
902,mentor,101,2026-01-25 16:56:51.410612
903,mentor,103,2025-11-10 16:56:51.410612
904,mentor,101,2025-12-22 16:56:51.410612
905,student,104,2026-01-18 16:56:51.410612
906,student,103,2025-12-17 16:56:51.410612
907,faculty,102,2025-11-10 16:56:51.410612
908,student,103,2025-11-30 16:56:51.410612
909,student,103,2025-11-22 16:56:51.410612
910,student,102,2025-11-08 16:56:51.410612
911,student,103,2025-11-04 16:56:51.410612
912,student,102,2026-01-28 16:56:51.410612
913,mentor,101,2026-01-07 16:56:51.410612
914,faculty,104,2025-11-04 16:56:51.410612
915,student,101,2026-01-25 16:56:51.410612
916,faculty,101,2026-01-22 16:56:51.410612
917,faculty,104,2025-12-12 16:56:51.410612
918,student,102,2025-12-21 16:56:51.410612
919,faculty,104,2025-11-16 16:56:51.410612
920,faculty,102,2026-01-11 16:56:51.410612
921,student,104,2025-12-27 16:56:51.410612
922,student,101,2025-11-12 16:56:51.410612
923,student,103,2026-01-15 16:56:51.410612
924,faculty,102,2025-12-12 16:56:51.410612
925,mentor,101,2025-12-28 16:56:51.410612
926,faculty,104,2026-01-28 16:56:51.410612
927,admin,101,2025-12-31 16:56:51.410612
928,faculty,103,2026-01-15 16:56:51.410612
929,faculty,104,2025-12-09 16:56:51.410612
930,student,102,2025-12-03 16:56:51.410612
931,student,102,2026-01-21 16:56:51.410612
932,student,103,2026-01-16 16:56:51.410612
933,faculty,101,2026-01-24 16:56:51.410612
934,student,104,2026-01-18 16:56:51.410612
935,mentor,102,2025-12-28 16:56:51.410612
936,student,104,2026-01-28 16:56:51.410612
937,student,103,2026-01-04 16:56:51.410612
938,student,103,2025-11-13 16:56:51.410612
939,student,103,2025-11-19 16:56:51.410612
940,student,103,2026-01-02 16:56:51.410612
941,student,101,2025-12-24 16:56:51.410612
942,student,102,2026-01-15 16:56:51.410612
943,student,102,2026-01-20 16:56:51.410612
944,student,101,2026-01-27 16:56:51.410612
945,student,102,2025-12-14 16:56:51.410612
946,mentor,104,2025-11-21 16:56:51.410612
947,student,101,2025-11-30 16:56:51.410612
948,student,104,2026-01-16 16:56:51.410612
949,student,103,2025-11-05 16:56:51.410612
950,admin,103,2025-12-23 16:56:51.410612
951,student,104,2025-12-17 16:56:51.410612
952,student,101,2025-11-07 16:56:51.410612
953,student,102,2025-12-16 16:56:51.410612
954,faculty,101,2025-10-30 16:56:51.410612
955,student,101,2025-11-06 16:56:51.410612
956,student,103,2025-11-26 16:56:51.410612
957,student,101,2025-11-15 16:56:51.410612
958,faculty,102,2025-12-30 16:56:51.410612
959,student,104,2026-01-16 16:56:51.410612
960,student,101,2025-12-27 16:56:51.410612
961,student,103,2026-01-13 16:56:51.410612
962,student,101,2025-12-30 16:56:51.410612
963,faculty,103,2025-12-06 16:56:51.410612
964,student,102,2025-11-26 16:56:51.410612
965,student,102,2026-01-08 16:56:51.410612
966,student,101,2025-12-10 16:56:51.410612
967,student,102,2026-01-17 16:56:51.410612
968,mentor,102,2025-11-14 16:56:51.410612
969,student,103,2025-12-30 16:56:51.410612
970,student,101,2025-11-10 16:56:51.410612
971,faculty,102,2025-11-20 16:56:51.410612
972,mentor,104,2026-01-25 16:56:51.410612
973,student,101,2025-11-07 16:56:51.410612
974,faculty,104,2026-01-07 16:56:51.410612
975,student,103,2025-10-31 16:56:51.410612
976,faculty,101,2026-01-08 16:56:51.410612
977,student,101,2026-01-03 16:56:51.410612
978,student,101,2025-11-01 16:56:51.410612
979,faculty,103,2025-12-23 16:56:51.410612
980,student,104,2026-01-10 16:56:51.410612
981,student,104,2025-11-21 16:56:51.410612
982,student,102,2026-01-24 16:56:51.410612
983,student,101,2025-11-23 16:56:51.410612
984,student,103,2026-01-25 16:56:51.410612
985,student,101,2025-11-21 16:56:51.410612
986,student,102,2025-11-13 16:56:51.410612
987,student,103,2025-11-14 16:56:51.410612
988,faculty,101,2025-12-25 16:56:51.410612
989,student,104,2025-12-24 16:56:51.410612
990,student,103,2025-12-23 16:56:51.410612
991,student,102,2026-01-02 16:56:51.410612
992,student,104,2025-11-14 16:56:51.410612
993,faculty,102,2025-12-17 16:56:51.410612
994,admin,102,2025-11-10 16:56:51.410612
995,faculty,103,2025-11-24 16:56:51.410612
996,student,104,2025-12-21 16:56:51.410612
997,faculty,101,2025-11-14 16:56:51.410612
998,student,101,2025-12-24 16:56:51.410612
999,student,101,2025-12-20 16:56:51.410612
1000,faculty,102,2025-12-20 16:56:51.410612
